[
  {
    "id":87,
    "source":0,
    "property_preprocess":false,
    "name":"fbuchSetGridPlaceholders",
    "description":"",
    "editor_type":0,
    "category":0,
    "cache_type":0,
    "locked":false,
    "properties":[
      
    ],
    "moduleguid":"",
    "static":false,
    "static_file":"",
    "filename":"fbuchsetgridplaceholders.snippet.php",
    "category_name":"fbuch"
  },
  {
    "id":88,
    "source":0,
    "property_preprocess":false,
    "name":"fbuchUpdate",
    "description":"",
    "editor_type":0,
    "category":0,
    "cache_type":0,
    "locked":false,
    "properties":[
      
    ],
    "moduleguid":"",
    "static":false,
    "static_file":"",
    "filename":"fbuchupdate.snippet.php",
    "category_name":"fbuch"
  },
  {
    "id":89,
    "source":0,
    "property_preprocess":false,
    "name":"fbuchGetFormValues",
    "description":"",
    "editor_type":0,
    "category":0,
    "cache_type":0,
    "locked":false,
    "properties":[
      
    ],
    "moduleguid":"",
    "static":false,
    "static_file":"",
    "filename":"fbuchgetformvalues.snippet.php",
    "category_name":"fbuch"
  },
  {
    "id":90,
    "source":0,
    "property_preprocess":false,
    "name":"fbuchValidateTime",
    "description":"",
    "editor_type":0,
    "category":0,
    "cache_type":0,
    "locked":false,
    "properties":null,
    "moduleguid":"",
    "static":false,
    "static_file":"",
    "filename":"fbuchvalidatetime.snippet.php",
    "category_name":"fbuch"
  },
  {
    "id":92,
    "source":0,
    "property_preprocess":false,
    "name":"fbuchSetDatePlaceholders",
    "description":"",
    "editor_type":0,
    "category":0,
    "cache_type":0,
    "locked":false,
    "properties":null,
    "moduleguid":"",
    "static":false,
    "static_file":"",
    "filename":"fbuchsetdateplaceholders.snippet.php",
    "category_name":"fbuch"
  },
  {
    "id":99,
    "source":0,
    "property_preprocess":false,
    "name":"fbuchGetGridOffset",
    "description":"",
    "editor_type":0,
    "category":0,
    "cache_type":0,
    "locked":false,
    "properties":[
      
    ],
    "moduleguid":"",
    "static":false,
    "static_file":"",
    "filename":"fbuchgetgridoffset.snippet.php",
    "category_name":"fbuch"
  },
  {
    "id":93,
    "source":0,
    "property_preprocess":false,
    "name":"fbuchQuery",
    "description":"",
    "editor_type":0,
    "category":0,
    "cache_type":0,
    "locked":false,
    "properties":null,
    "moduleguid":"",
    "static":false,
    "static_file":"",
    "filename":"fbuchquery.snippet.php",
    "category_name":"fbuch"
  },
  {
    "id":94,
    "source":0,
    "property_preprocess":false,
    "name":"fbuchSwitchByReqParam",
    "description":"",
    "editor_type":0,
    "category":0,
    "cache_type":0,
    "locked":false,
    "properties":null,
    "moduleguid":"",
    "static":false,
    "static_file":"",
    "filename":"fbuchswitchbyreqparam.snippet.php",
    "category_name":"fbuch"
  },
  {
    "id":95,
    "source":0,
    "property_preprocess":false,
    "name":"setYearPlaceholder",
    "description":"",
    "editor_type":0,
    "category":0,
    "cache_type":0,
    "locked":false,
    "properties":null,
    "moduleguid":"",
    "static":false,
    "static_file":"",
    "filename":"setyearplaceholder.snippet.php",
    "category_name":"fbuch"
  },
  {
    "id":105,
    "source":0,
    "property_preprocess":false,
    "name":"fbuch_strtotime",
    "description":"",
    "editor_type":0,
    "category":0,
    "cache_type":0,
    "locked":false,
    "properties":null,
    "moduleguid":"",
    "static":false,
    "static_file":"",
    "filename":"fbuch_strtotime.snippet.php",
    "category_name":"fbuch"
  },
  {
    "id":106,
    "source":0,
    "property_preprocess":false,
    "name":"fbuchLoopWeekDays",
    "description":"",
    "editor_type":0,
    "category":0,
    "cache_type":0,
    "locked":false,
    "properties":null,
    "moduleguid":"",
    "static":false,
    "static_file":"",
    "filename":"fbuchloopweekdays.snippet.php",
    "category_name":"fbuch"
  },
  {
    "id":100,
    "source":0,
    "property_preprocess":false,
    "name":"fbuchBuildTeam",
    "description":"",
    "editor_type":0,
    "category":0,
    "cache_type":0,
    "locked":false,
    "properties":[
      
    ],
    "moduleguid":"",
    "static":false,
    "static_file":"",
    "filename":"fbuchbuildteam.snippet.php",
    "category_name":"fbuch"
  },
  {
    "id":104,
    "source":0,
    "property_preprocess":false,
    "name":"fbuchGetNameEmail",
    "description":"",
    "editor_type":0,
    "category":0,
    "cache_type":0,
    "locked":false,
    "properties":null,
    "moduleguid":"",
    "static":false,
    "static_file":"",
    "filename":"fbuchgetnameemail.snippet.php",
    "category_name":"fbuch"
  },
  {
    "id":114,
    "source":0,
    "property_preprocess":false,
    "name":"fbuch_rendercolumn_bootnutzer_checkbox",
    "description":"",
    "editor_type":0,
    "category":0,
    "cache_type":0,
    "locked":false,
    "properties":null,
    "moduleguid":"",
    "static":false,
    "static_file":"",
    "filename":"fbuch_rendercolumn_bootnutzer_checkbox.snippet.php",
    "category_name":"fbuch"
  },
  {
    "id":115,
    "source":0,
    "property_preprocess":false,
    "name":"fbuch_prepare_allowed_where",
    "description":"",
    "editor_type":0,
    "category":0,
    "cache_type":0,
    "locked":false,
    "properties":null,
    "moduleguid":"",
    "static":false,
    "static_file":"",
    "filename":"fbuch_prepare_allowed_where.snippet.php",
    "category_name":"fbuch"
  },
  {
    "id":116,
    "source":0,
    "property_preprocess":false,
    "name":"fbuchBerechneDurchschnitt",
    "description":"",
    "editor_type":0,
    "category":0,
    "cache_type":0,
    "locked":false,
    "properties":null,
    "moduleguid":"",
    "static":false,
    "static_file":"",
    "filename":"fbuchberechnedurchschnitt.snippet.php",
    "category_name":"fbuch"
  },
  {
    "id":125,
    "source":0,
    "property_preprocess":false,
    "name":"fbuch_termine_aftersave",
    "description":"",
    "editor_type":0,
    "category":0,
    "cache_type":0,
    "locked":false,
    "properties":[
      
    ],
    "moduleguid":"",
    "static":false,
    "static_file":"",
    "filename":"fbuch_termine_aftersave.snippet.php",
    "category_name":"fbuch"
  },
  {
    "id":128,
    "source":0,
    "property_preprocess":false,
    "name":"fbuch_getPegel",
    "description":"",
    "editor_type":0,
    "category":0,
    "cache_type":0,
    "locked":false,
    "properties":[
      
    ],
    "moduleguid":"",
    "static":false,
    "static_file":"",
    "filename":"fbuch_getpegel.snippet.php",
    "category_name":"fbuch"
  }
]