[
  {
    "id":91,
    "source":0,
    "property_preprocess":false,
    "name":"fbuchGetGridOffset",
    "description":"",
    "editor_type":0,
    "category":0,
    "cache_type":0,
    "locked":false,
    "properties":[
      
    ],
    "moduleguid":"",
    "static":false,
    "static_file":"",
    "filename":"fbuchgetgridoffset.snippet.php",
    "category_name":"fbuch"
  },
  {
    "id":92,
    "source":0,
    "property_preprocess":false,
    "name":"fbuchUpdate",
    "description":"",
    "editor_type":0,
    "category":0,
    "cache_type":0,
    "locked":false,
    "properties":[
      
    ],
    "moduleguid":"",
    "static":false,
    "static_file":"",
    "filename":"fbuchupdate.snippet.php",
    "category_name":"fbuch"
  },
  {
    "id":93,
    "source":0,
    "property_preprocess":false,
    "name":"fbuchGetFormValues",
    "description":"",
    "editor_type":0,
    "category":0,
    "cache_type":0,
    "locked":false,
    "properties":[
      
    ],
    "moduleguid":"",
    "static":false,
    "static_file":"",
    "filename":"fbuchgetformvalues.snippet.php",
    "category_name":"fbuch"
  },
  {
    "id":94,
    "source":0,
    "property_preprocess":false,
    "name":"fbuchValidateTime",
    "description":"",
    "editor_type":0,
    "category":0,
    "cache_type":0,
    "locked":false,
    "properties":null,
    "moduleguid":"",
    "static":false,
    "static_file":"",
    "filename":"fbuchvalidatetime.snippet.php",
    "category_name":"fbuch"
  },
  {
    "id":95,
    "source":0,
    "property_preprocess":false,
    "name":"fbuchSetGridPlaceholders",
    "description":"",
    "editor_type":0,
    "category":0,
    "cache_type":0,
    "locked":false,
    "properties":[
      
    ],
    "moduleguid":"",
    "static":false,
    "static_file":"",
    "filename":"fbuchsetgridplaceholders.snippet.php",
    "category_name":"fbuch"
  },
  {
    "id":96,
    "source":0,
    "property_preprocess":false,
    "name":"fbuchSetDatePlaceholders",
    "description":"",
    "editor_type":0,
    "category":0,
    "cache_type":0,
    "locked":false,
    "properties":null,
    "moduleguid":"",
    "static":false,
    "static_file":"",
    "filename":"fbuchsetdateplaceholders.snippet.php",
    "category_name":"fbuch"
  },
  {
    "id":97,
    "source":0,
    "property_preprocess":false,
    "name":"fbuchQuery",
    "description":"",
    "editor_type":0,
    "category":0,
    "cache_type":0,
    "locked":false,
    "properties":null,
    "moduleguid":"",
    "static":false,
    "static_file":"",
    "filename":"fbuchquery.snippet.php",
    "category_name":"fbuch"
  },
  {
    "id":98,
    "source":0,
    "property_preprocess":false,
    "name":"fbuchSwitchByReqParam",
    "description":"",
    "editor_type":0,
    "category":0,
    "cache_type":0,
    "locked":false,
    "properties":null,
    "moduleguid":"",
    "static":false,
    "static_file":"",
    "filename":"fbuchswitchbyreqparam.snippet.php",
    "category_name":"fbuch"
  },
  {
    "id":99,
    "source":0,
    "property_preprocess":false,
    "name":"setYearPlaceholder",
    "description":"",
    "editor_type":0,
    "category":0,
    "cache_type":0,
    "locked":false,
    "properties":null,
    "moduleguid":"",
    "static":false,
    "static_file":"",
    "filename":"setyearplaceholder.snippet.php",
    "category_name":"fbuch"
  },
  {
    "id":100,
    "source":0,
    "property_preprocess":false,
    "name":"fbuchBuildTeam",
    "description":"",
    "editor_type":0,
    "category":0,
    "cache_type":0,
    "locked":false,
    "properties":[
      
    ],
    "moduleguid":"",
    "static":false,
    "static_file":"",
    "filename":"fbuchbuildteam.snippet.php",
    "category_name":"fbuch"
  }
]