<?xml version="1.0" encoding="UTF-8"?>
<model package="fbuch" baseClass="xPDOObject" platform="mysql" defaultEngine="MyISAM" phpdoc-package="fbuch" phpdoc-subpackage="" version="1.1">
    <object class="fbuchFahrt" table="fbuch_fahrten" extends="xPDOSimpleObject">
        <field key="date" dbtype="datetime" phptype="datetime" null="true" />
        <field key="date_end" dbtype="datetime" phptype="datetime" null="true" />
        <field key="boot_id" dbtype="int" precision="10" phptype="integer" null="false" default="0" index="index" />
        <field key="date_id" dbtype="int" precision="10" phptype="integer" null="false" default="0" index="index" />
        <field key="km" dbtype="decimal" precision="8,1" phptype="float" null="false" default="0" index="index" />
        <field key="kmstand_start" dbtype="decimal" precision="8,1" phptype="float" null="false" default="0" index="index" />
        <field key="kmstand_end" dbtype="decimal" precision="8,1" phptype="float" null="false" default="0" index="index" />
        <field key="purpose" dbtype="varchar" phptype="string" precision="50" null="false" default="" />
        <field key="wfahrt" dbtype="tinyint" precision="1" attributes="unsigned" phptype="integer" null="false" default="0" />
        <field key="note" dbtype="text" phptype="string" null="false" default="" />
        <field key="direction" dbtype="varchar" phptype="string" precision="20" null="false" default="" />
        <field key="start_time" dbtype="varchar" phptype="string" precision="20" null="false" default="" />
        <field key="end_time" dbtype="varchar" phptype="string" precision="20" null="false" default="" />
        <field key="fahrtid_old" dbtype="int" precision="10" phptype="integer" null="false" default="0" index="index" />
        <field key="bootid_old" dbtype="int" precision="10" phptype="integer" null="false" default="0" index="index" />
        <field key="locked" dbtype="tinyint" precision="1" attributes="unsigned" phptype="integer" null="false" default="0" />
        <field key="finished" dbtype="tinyint" precision="1" attributes="unsigned" phptype="integer" null="false" default="0" />        
        <field key="lock_password" dbtype="varchar" phptype="string" precision="50" null="false" default="" />
        <field key="createdby" dbtype="int" precision="10" phptype="integer" null="false" default="0" />
        <field key="createdon" dbtype="datetime" phptype="datetime" null="true" />
        <field key="editedby" dbtype="int" precision="10" phptype="integer" null="false" default="0" />
        <field key="editedon" dbtype="datetime" phptype="datetime" null="true" />
        <field key="deleted" dbtype="tinyint" precision="1" attributes="unsigned" phptype="integer" null="false" default="0" />
        <field key="deletedon" dbtype="datetime" phptype="datetime" null="true" />
        <field key="deletedby" dbtype="int" precision="10" phptype="integer" null="false" default="0" />
        <aggregate alias="Boot" class="fbuchBoot" local="boot_id" foreign="id" cardinality="one" owner="foreign" />
        <aggregate alias="Date" class="fbuchDate" local="date_id" foreign="id" cardinality="one" owner="foreign" />
        <composite alias="Names" class="fbuchFahrtNames" local="id" foreign="fahrt_id" cardinality="many" owner="local" />
    </object>
    <object class="fbuchDate" table="fbuch_dates" extends="xPDOSimpleObject">
        <field key="date" dbtype="datetime" phptype="datetime" null="true" />
        <field key="date_end" dbtype="datetime" phptype="datetime" null="true" />
        <field key="title" dbtype="varchar" phptype="string" precision="255" null="false" default="" />
        <field key="type" dbtype="varchar" phptype="string" precision="255" null="false" default="" />
        <field key="description" dbtype="text" phptype="string" null="false" default="" />
        <field key="max_reservations" dbtype="int" precision="10" phptype="integer" null="false" default="0" />
        <field key="autoduplicate" dbtype="tinyint" precision="1" attributes="unsigned" phptype="integer" null="false" default="0" />
        <field key="autoduplicated" dbtype="tinyint" precision="1" attributes="unsigned" phptype="integer" null="false" default="0" />
        <field key="autoduplicate_invited" dbtype="tinyint" precision="1" attributes="unsigned" phptype="integer" null="false" default="0" />
        <field key="autoduplicate_names" dbtype="tinyint" precision="1" attributes="unsigned" phptype="integer" null="false" default="0" />
        <field key="riot_room_id" dbtype="text" phptype="string" null="false" default="" />
        <field key="last_matrix_start_token" dbtype="text" phptype="string" null="false" default="" />
        <field key="start_time" dbtype="varchar" phptype="string" precision="20" null="false" default="" />
        <field key="end_time" dbtype="varchar" phptype="string" precision="20" null="false" default="" />
        <field key="instructor_id" dbtype="int" precision="10" phptype="integer" null="false" default="0" />
        <field key="instructor_member_id" dbtype="int" precision="10" phptype="integer" null="false" default="0" />
        <field key="mailinglist_id" dbtype="int" precision="10" phptype="integer" null="false" default="0" />
        <field key="locked" dbtype="tinyint" precision="1" attributes="unsigned" phptype="integer" null="false" default="0" />
        <field key="lock_password" dbtype="varchar" phptype="string" precision="50" null="false" default="" />
        <field key="createdby" dbtype="int" precision="10" phptype="integer" null="false" default="0" />
        <field key="createdon" dbtype="datetime" phptype="datetime" null="true" />
        <field key="editedby" dbtype="int" precision="10" phptype="integer" null="false" default="0" />
        <field key="editedon" dbtype="datetime" phptype="datetime" null="true" />
        <field key="deleted" dbtype="tinyint" precision="1" attributes="unsigned" phptype="integer" null="false" default="0" />
        <field key="deletedon" dbtype="datetime" phptype="datetime" null="true" />
        <field key="deletedby" dbtype="int" precision="10" phptype="integer" null="false" default="0" />
        
        <aggregate alias="Instructor" class="mvMember" local="instructor_member_id" foreign="id" cardinality="one" owner="foreign" />
        <aggregate alias="Type" class="fbuchDateType" local="type" foreign="name" cardinality="one" owner="foreign" />
        <composite alias="Names" class="fbuchDateNames" local="id" foreign="date_id" cardinality="many" owner="local" />
        <composite alias="Invited" class="fbuchDateInvited" local="id" foreign="date_id" cardinality="many" owner="local" />
        <composite alias="Comments" class="fbuchDateComment" local="id" foreign="date_id" cardinality="many" owner="local" />
        <composite alias="Mailinglist" class="fbuchMailinglist" local="mailinglist_id" foreign="id" cardinality="one" owner="foreign" />
    </object>
    <object class="fbuchDateNames" table="fbuch_date_names" extends="xPDOSimpleObject">
        <field key="member_id" dbtype="int" precision="10" phptype="integer" null="false" default="0" index="index" />
        <field key="date_id" dbtype="int" precision="10" phptype="integer" null="false" default="0" index="index" />
        <field key="createdby" dbtype="int" precision="10" phptype="integer" null="false" default="0" />
        <field key="createdon" dbtype="datetime" phptype="datetime" null="true" />
        <field key="extended" dbtype="text" phptype="string" null="false" default="" />
        <field key="guestname" dbtype="varchar" phptype="string" precision="255" null="false" default="" />
        <field key="guestemail" dbtype="varchar" phptype="string" precision="255" null="false" default="" />
        <field key="registeredby" dbtype="int" precision="10" phptype="integer" null="false" default="0" index="index" />
        <field key="registeredby_member" dbtype="int" precision="10" phptype="integer" null="false" default="0" index="index" />
        <aggregate alias="Date" class="fbuchDate" local="date_id" foreign="id" cardinality="one" owner="foreign" />
        <aggregate alias="Member" class="mvMember" local="member_id" foreign="id" cardinality="one" owner="foreign" />
        <aggregate alias="RegisteredbyMember" class="mvMember" local="registeredby_member" foreign="id" cardinality="one" owner="foreign" />
        <aggregate alias="Fahrtname" class="fbuchFahrtNames" local="id" foreign="datenames_id" cardinality="one" owner="local" />
    </object>
    <object class="fbuchDateInvited" table="fbuch_date_invited" extends="xPDOSimpleObject">
        <field key="member_id" dbtype="int" precision="10" phptype="integer" null="false" default="0" index="index" />        
        <field key="date_id" dbtype="int" precision="10" phptype="integer" null="false" default="0" index="index" />
        <field key="mailinglist_id" dbtype="int" precision="10" phptype="integer" null="false" default="0" index="index" />
        <field key="canceled" dbtype="int" precision="1" phptype="integer" null="false" default="0" />
        <field key="invited" dbtype="int" precision="1" phptype="integer" null="false" default="0" />
        <field key="riot_state" dbtype="varchar" phptype="string" precision="255" null="false" default="" />
        <field key="createdby" dbtype="int" precision="10" phptype="integer" null="false" default="0" />
        <field key="createdon" dbtype="datetime" phptype="datetime" null="true" />
        <aggregate alias="Date" class="fbuchDate" local="date_id" foreign="id" cardinality="one" owner="foreign" />
        <aggregate alias="Member" class="mvMember" local="member_id" foreign="id" cardinality="one" owner="foreign" />
    </object>
    <object class="fbuchDateComment" table="fbuch_date_comments" extends="xPDOSimpleObject">
        <field key="member_id" dbtype="int" precision="10" phptype="integer" null="false" default="0" index="index" />        
        <field key="date_id" dbtype="int" precision="10" phptype="integer" null="false" default="0" index="index" />
        <field key="comment" dbtype="text" phptype="string" null="false" default="" />
        <field key="createdby" dbtype="int" precision="10" phptype="integer" null="false" default="0" />
        <field key="createdon" dbtype="datetime" phptype="datetime" null="true" />
        <field key="riot_event_id" dbtype="text" phptype="string" null="false" default="" />
        <field key="riot_user_id" dbtype="text" phptype="string" null="false" default="" />
        <aggregate alias="Date" class="fbuchDate" local="date_id" foreign="id" cardinality="one" owner="foreign" />
        <aggregate alias="Member" class="mvMember" local="member_id" foreign="id" cardinality="one" owner="foreign" />
        <aggregate alias="User" class="modUser" local="createdby" foreign="id" cardinality="one" owner="foreign" />
    </object>
    <object class="fbuchFahrtNames" table="fbuch_fahrt_names" extends="xPDOSimpleObject">
        <field key="member_id" dbtype="int" precision="10" phptype="integer" null="false" default="0" index="index" />        
        <field key="fahrt_id" dbtype="int" precision="10" phptype="integer" null="false" default="0" index="index" />
        <field key="guestname" dbtype="varchar" phptype="string" precision="255" null="false" default="" />
        <field key="guestemail" dbtype="varchar" phptype="string" precision="255" null="false" default="" />        
        <field key="pos" dbtype="int" precision="3" phptype="integer" null="false" default="0" index="index" />
        <field key="obmann" dbtype="tinyint" precision="1" attributes="unsigned" phptype="integer" null="false" default="0" />
        <field key="cox" dbtype="tinyint" precision="1" attributes="unsigned" phptype="integer" null="false" default="0" />
        <field key="nameid_old" dbtype="int" precision="10" phptype="integer" null="false" default="0" index="index" />
        <field key="fahrtid_old" dbtype="int" precision="10" phptype="integer" null="false" default="0" index="index" />
        <field key="datenames_id" dbtype="int" precision="10" phptype="integer" null="false" default="0" index="index" />
        <field key="createdby" dbtype="int" precision="10" phptype="integer" null="false" default="0" />
        <field key="createdon" dbtype="datetime" phptype="datetime" null="true" />
        <aggregate alias="Fahrt" class="fbuchFahrt" local="fahrt_id" foreign="id" cardinality="one" owner="foreign" />
        <aggregate alias="Member" class="mvMember" local="member_id" foreign="id" cardinality="one" owner="foreign" />
        <aggregate alias="Datename" class="fbuchDateNames" local="datenames_id" foreign="id" cardinality="one" owner="foreign" />
    </object>
    <object class="fbuchBoot" table="fbuch_boote" extends="xPDOSimpleObject">
        <field key="name" dbtype="varchar" phptype="string" precision="255" null="false" default="" index="index" />
        <field key="gattung" dbtype="varchar" phptype="string" precision="10" null="false" default="" />
        <field key="gattung_id" dbtype="int" precision="10" phptype="integer" null="false" default="0" index="index" />
        <field key="gattung_ids" dbtype="varchar" phptype="string" precision="100" null="false" default="" /> 
        <field key="owner" dbtype="varchar" phptype="string" precision="255" null="false" default="" /> 
        <field key="serial_no" dbtype="varchar" phptype="string" precision="255" null="false" default="" />  
        <field key="manufacturer" dbtype="varchar" phptype="string" precision="255" null="false" default="" /> 
        <field key="model" dbtype="varchar" phptype="string" precision="255" null="false" default="" />
        <field key="manufaction_year" dbtype="varchar" phptype="string" precision="255" null="false" default="" /> 
        <field key="purchase_date" dbtype="varchar" phptype="string" precision="255" null="false" default="" />
        <field key="purchase_price" dbtype="varchar" phptype="string" precision="255" null="false" default="" />         
        <field key="versicherungs_summe" dbtype="varchar" phptype="string" precision="255" null="false" default="" /> 
        <field key="versicherungs_nummer" dbtype="varchar" phptype="string" precision="255" null="false" default="" />         
        <field key="efa_id" dbtype="varchar" phptype="string" precision="255" null="false" default="" /> 
        <field key="type" dbtype="varchar" phptype="string" precision="255" null="false" default="" /> 
         
        <field key="import_typevariant" dbtype="varchar" phptype="string" precision="255" null="false" default="" /> 
        <field key="import_lastvariant" dbtype="varchar" phptype="string" precision="255" null="false" default="" />
        <field key="import_gruppe" dbtype="varchar" phptype="string" precision="255" null="false" default="" /> 
        <field key="import_farbe" dbtype="varchar" phptype="string" precision="255" null="false" default="" />                                                                                                                                
        
        <field key="seats" dbtype="tinyint" precision="2" attributes="unsigned" phptype="integer" null="false" default="0" />
        <field key="bootid_old" dbtype="int" precision="10" phptype="integer" null="false" default="0" index="index" />
        <field key="gewichtsklasse" dbtype="varchar" phptype="string" precision="255" null="false" default="" />
        <field key="nutzergruppe" dbtype="int" precision="10" phptype="integer" null="false" default="0" index="index" />
        <field key="nutzernamen" dbtype="text" phptype="string" null="false" default="" />
        <field key="riggerung" dbtype="varchar" phptype="string" precision="255" null="false" default="" index="index" />
        <field key="gesperrt" dbtype="int" precision="1" phptype="integer" null="false" default="0" />
       
        <field key="createdby" dbtype="int" precision="10" phptype="integer" null="false" default="0" />
        <field key="createdon" dbtype="datetime" phptype="datetime" null="true" />
        <field key="editedby" dbtype="int" precision="10" phptype="integer" null="false" default="0" />
        <field key="editedon" dbtype="datetime" phptype="datetime" null="true" />
        <field key="deleted" dbtype="tinyint" precision="1" attributes="unsigned" phptype="integer" null="false" default="0" />
        <field key="deletedon" dbtype="datetime" phptype="datetime" null="true" />
        <field key="deletedby" dbtype="int" precision="10" phptype="integer" null="false" default="0" />
        <aggregate alias="Fahrten" class="fbuchFahrt" local="id" foreign="boot_id" cardinality="many" owner="local" />
        <aggregate alias="Gattung" class="fbuchBootsGattung" local="gattung" foreign="link_key" cardinality="one" owner="local" />
        <aggregate alias="Bootsgattung" class="fbuchBootsGattung" local="gattung_id" foreign="id" cardinality="one" owner="local" />        
        <aggregate alias="Nutzergruppe" class="fbuchBootsNutzergruppe" local="nutzergruppe" foreign="id" cardinality="one" owner="local" />
    </object>
    <object class="fbuchBootAllowedNames" table="fbuch_boot_allowed_names" extends="xPDOSimpleObject">
        <field key="member_id" dbtype="int" precision="10" phptype="integer" null="false" default="0" index="index" />        
        <field key="boot_id" dbtype="int" precision="10" phptype="integer" null="false" default="0" index="index" />
        <field key="note" dbtype="text" phptype="string" null="false" default="" />
        <field key="createdby" dbtype="int" precision="10" phptype="integer" null="false" default="0" />
        <field key="createdon" dbtype="datetime" phptype="datetime" null="true" />
        <aggregate alias="Boot" class="fbuchBoot" local="boot_id" foreign="id" cardinality="one" owner="foreign" />
        <aggregate alias="Member" class="mvMember" local="member_id" foreign="id" cardinality="one" owner="foreign" />
        <aggregate alias="User" class="modUser" local="createdby" foreign="id" cardinality="one" owner="foreign" />
       
    </object>
    <object class="fbuchBootComment" table="fbuch_boot_comments" extends="xPDOSimpleObject">
        <field key="member_id" dbtype="int" precision="10" phptype="integer" null="false" default="0" index="index" />        
        <field key="boot_id" dbtype="int" precision="10" phptype="integer" null="false" default="0" index="index" />
        <field key="comment" dbtype="text" phptype="string" null="false" default="" />
        <field key="createdby" dbtype="int" precision="10" phptype="integer" null="false" default="0" />
        <field key="createdon" dbtype="datetime" phptype="datetime" null="true" />
        <field key="done" dbtype="tinyint" precision="1" attributes="unsigned" phptype="integer" null="false" default="0" />
        <field key="doneon" dbtype="datetime" phptype="datetime" null="true" />
        <field key="name" dbtype="varchar" phptype="string" precision="255" null="false" default="" />
        <field key="doneby_name" dbtype="varchar" phptype="string" precision="255" null="false" default="" />
        <aggregate alias="Boot" class="fbuchBoot" local="boot_id" foreign="id" cardinality="one" owner="foreign" />
        <aggregate alias="Member" class="mvMember" local="member_id" foreign="id" cardinality="one" owner="foreign" />
        <aggregate alias="User" class="modUser" local="createdby" foreign="id" cardinality="one" owner="foreign" />
        
    </object>
    
    <object class="fbuchBootRiggerung" table="fbuch_boot_riggerungen" extends="xPDOSimpleObject">
        <field key="boot_id" dbtype="int" precision="10" phptype="integer" null="false" default="0" index="index" />
        <field key="gattung_id" dbtype="int" precision="10" phptype="integer" null="false" default="0" index="index" />
        <field key="comment" dbtype="text" phptype="string" null="false" default="" />
        <field key="createdby" dbtype="int" precision="10" phptype="integer" null="false" default="0" />
        <field key="createdon" dbtype="datetime" phptype="datetime" null="true" />
        <field key="name" dbtype="varchar" phptype="string" precision="255" null="false" default="" />
        <aggregate alias="Boot" class="fbuchBoot" local="boot_id" foreign="id" cardinality="one" owner="foreign" />
        <aggregate alias="User" class="modUser" local="createdby" foreign="id" cardinality="one" owner="foreign" />
        <aggregate alias="Bootsgattung" class="fbuchBootsGattung" local="gattung_id" foreign="id" cardinality="one" owner="foreign" />

    </object>    
    
    <object class="fbuchBootSetting" table="fbuch_boot_settings" extends="xPDOSimpleObject">
        <field key="boot_id" dbtype="int" precision="10" phptype="integer" null="false" default="0" index="index" />
        <field key="riggerung" dbtype="varchar" phptype="string" precision="255" null="false" default="" />
        <field key="names" dbtype="text" phptype="string" null="false" default="" />
        <field key="settings" dbtype="text" phptype="string" null="false" default="" />
        <field key="createdby" dbtype="int" precision="10" phptype="integer" null="false" default="0" />
        <field key="createdon" dbtype="datetime" phptype="datetime" null="true" />
        <aggregate alias="Boot" class="fbuchBoot" local="boot_id" foreign="id" cardinality="one" owner="foreign" />
        <aggregate alias="User" class="modUser" local="createdby" foreign="id" cardinality="one" owner="foreign" />
    </object>
    <object class="fbuchBootsGattung" table="fbuch_bootsgattungen" extends="xPDOSimpleObject">
        <field key="name" dbtype="varchar" phptype="string" precision="255" null="false" default="" index="index" />
        <field key="shortname" dbtype="varchar" phptype="string" precision="255" null="false" default="" index="index" /> 
        <field key="longname" dbtype="varchar" phptype="string" precision="255" null="false" default="" index="index" />               
        <field key="link_key" dbtype="varchar" phptype="string" precision="255" null="false" default="" index="index" />
        <field key="show_in_offen" dbtype="tinyint" precision="1" attributes="unsigned" phptype="integer" null="false" default="0" /> 
        <field key="check_availability" dbtype="tinyint" precision="1" attributes="unsigned" phptype="integer" null="false" default="0" />         
        <aggregate alias="Boote" class="fbuchBoot" local="link_key" foreign="gattung" cardinality="many" owner="local" />
    </object>
    <object class="fbuchBootsNutzergruppe" table="fbuch_bootsnutzergruppen" extends="xPDOSimpleObject">
        <field key="name" dbtype="varchar" phptype="string" precision="255" null="false" default="" index="index" />
        <field key="color" dbtype="varchar" phptype="string" precision="255" null="false" default="" />
        <field key="color_name" dbtype="varchar" phptype="string" precision="255" null="false" default="" />        
        <field key="description" dbtype="text" phptype="string" null="false" default="" />
        <aggregate alias="Boote" class="fbuchBoot" local="id" foreign="nutzergruppe" cardinality="many" owner="local" />
        <composite alias="Members" class="fbuchBootsNutzergruppenMembers" local="id" foreign="group_id" cardinality="many" owner="local" />
    </object>
    <object class="fbuchBootsNutzergruppenMembers" table="fbuch_bootsnutzergruppen_members" extends="xPDOSimpleObject">
        <field key="group_id" dbtype="int" precision="10" phptype="integer" null="false" default="0" index="index" />
        <field key="member_id" dbtype="int" precision="10" phptype="integer" null="false" default="0" index="index" />   
        <aggregate alias="Group" class="fbuchBootsNutzergruppe" local="group_id" foreign="id" cardinality="one" owner="foreign" />
        <aggregate alias="Member" class="mvMember" local="member_id" foreign="id" cardinality="one" owner="foreign" />
    </object>    
    
    <object class="fbuchMailinglist" table="fbuch_mailinglists" extends="xPDOSimpleObject">
        <field key="name" dbtype="varchar" phptype="string" precision="255" null="false" default="" index="index" />
        <field key="target_group" dbtype="varchar" phptype="string" precision="255" null="false" default="" index="index" />
        <field key="type" dbtype="varchar" phptype="string" precision="255" null="false" default="" /> 
        <field key="general" dbtype="tinyint" precision="1" attributes="unsigned" phptype="integer" null="false" default="0" />       
        <field key="description" dbtype="text" phptype="string" null="false" default="" />
        <field key="weekday" dbtype="int" precision="10" phptype="integer" null="false" default="0" />
        <field key="time" dbtype="varchar" phptype="string" precision="10" null="false" default="" index="index" />
        <field key="member_filter_id" dbtype="int" precision="10" phptype="integer" null="false" default="0" />
        <field key="restrict_member_filter_id" dbtype="int" precision="10" phptype="integer" null="false" default="0" />
        <field key="hidden" dbtype="tinyint" precision="1" attributes="unsigned" phptype="integer" null="false" default="0" />
        <field key="createdby" dbtype="int" precision="10" phptype="integer" null="false" default="0" />
        <field key="createdon" dbtype="datetime" phptype="datetime" null="true" />
        <field key="editedby" dbtype="int" precision="10" phptype="integer" null="false" default="0" />
        <field key="editedon" dbtype="datetime" phptype="datetime" null="true" />
        <field key="deleted" dbtype="tinyint" precision="1" attributes="unsigned" phptype="integer" null="false" default="0" />
        <field key="deletedon" dbtype="datetime" phptype="datetime" null="true" />
        <field key="deletedby" dbtype="int" precision="10" phptype="integer" null="false" default="0" />
        <aggregate alias="Names" class="fbuchMailinglistNames" local="id" foreign="list_id" cardinality="many" owner="local" />
        <composite alias="Dates" class="fbuchDate" local="id" foreign="mailinglist_id" cardinality="many" owner="local" />        
    </object>
    <object class="fbuchMailinglistNames" table="fbuch_mailinglist_names" extends="xPDOSimpleObject">
        <field key="member_id" dbtype="int" precision="10" phptype="integer" null="false" default="0" index="index" />        
        <field key="list_id" dbtype="int" precision="10" phptype="integer" null="false" default="0" index="index" />
        <field key="unsubscribed" dbtype="int" precision="1" phptype="integer" null="false" default="0" />
        <field key="subscribed" dbtype="int" precision="1" phptype="integer" null="false" default="0" />
        <field key="createdby" dbtype="int" precision="10" phptype="integer" null="false" default="0" />
        <field key="createdon" dbtype="datetime" phptype="datetime" null="true" />
        <field key="unsubscribedon" dbtype="datetime" phptype="datetime" null="true" />
        <field key="subscribedon" dbtype="datetime" phptype="datetime" null="true" />        
        <aggregate alias="Mailinglist" class="fbuchMailinglist" local="list_id" foreign="id" cardinality="one" owner="foreign" />
        <aggregate alias="Member" class="mvMember" local="member_id" foreign="id" cardinality="one" owner="foreign" />
    </object> 
    
    <object class="fbuchDateType" table="fbuch_date_types" extends="xPDOSimpleObject">
        <field key="name" dbtype="varchar" phptype="string" precision="100" null="false" default="" />
        <field key="description" dbtype="text" phptype="string" null="false" default="" /> 
        <field key="registrationpage_text" dbtype="text" phptype="string" null="false" default="" />
        <field key="person_tpl_extratext" dbtype="text" phptype="string" null="false" default="" />
        <field key="registration_hooksnippet" dbtype="varchar" precision="100" phptype="string" null="false" default="" />
        <field key="exportrow_hooksnippet" dbtype="varchar" precision="100" phptype="string" null="false" default="" />
        <field key="show_at_rowinglogbook_page" dbtype="tinyint" precision="1" attributes="unsigned" phptype="integer" null="false" default="0" /> 
        <field key="element_invite" dbtype="int" precision="1" phptype="integer" null="false" default="0" />
        <field key="allow_foreign_guests" dbtype="int" precision="1" phptype="integer" null="false" default="0" />
           
    </object>     
    
    <object class="mvMember" table="mv_members" extends="xPDOSimpleObject">
    	<field key="firstname" dbtype="varchar" phptype="string" precision="100" null="false" default="" />
        <field key="business_phone" dbtype="varchar" phptype="string" precision="100" null="false" default="" />
        <field key="phone" dbtype="varchar" phptype="string" precision="100" null="false" default="" />
        <field key="street" dbtype="varchar" phptype="string" precision="100" null="false" default="" />
        <field key="nationality" dbtype="varchar" phptype="string" precision="100" null="false" default="" />
        <field key="zip" dbtype="varchar" phptype="string" precision="100" null="false" default="" />
        <field key="city" dbtype="varchar" phptype="string" precision="100" null="false" default="" />
        <field key="name" dbtype="varchar" phptype="string" precision="100" null="false" default="" />
        <field key="mobile" dbtype="varchar" phptype="string" precision="100" null="false" default="" />
        <field key="external_member_id" dbtype="int" precision="10" phptype="integer" null="false" default="0" index="index" />
        <field key="matchcode" dbtype="varchar" phptype="string" precision="100" null="false" default="" />
        <field key="mandat_id" dbtype="int" precision="10" phptype="integer" null="false" default="0" index="index" />
        <field key="country" dbtype="varchar" phptype="string" precision="100" null="false" default="" />
        <field key="konto3" dbtype="varchar" phptype="string" precision="100" null="false" default="" />
        <field key="konto2" dbtype="varchar" phptype="string" precision="100" null="false" default="" />
        <field key="konto1" dbtype="varchar" phptype="string" precision="100" null="false" default="" />
        <field key="kennung4" dbtype="varchar" phptype="string" precision="100" null="false" default="" />
        <field key="kennung3" dbtype="varchar" phptype="string" precision="100" null="false" default="" />
        <field key="kennung2" dbtype="varchar" phptype="string" precision="100" null="false" default="" />
        <field key="kennung1" dbtype="varchar" phptype="string" precision="100" null="false" default="" />
        <field key="iban" dbtype="varchar" phptype="string" precision="100" null="false" default="" />
        <field key="gender" dbtype="varchar" phptype="string" precision="100" null="false" default="" />
        <field key="birthdate" dbtype="datetime" phptype="datetime" null="false" />
        <field key="funktion" dbtype="varchar" phptype="string" precision="100" null="false" default="" />
        <field key="fax" dbtype="varchar" phptype="string" precision="100" null="false" default="" />
        <field key="email" dbtype="varchar" phptype="string" precision="100" null="false" default="" />
        <field key="wrong_email" dbtype="varchar" phptype="string" precision="100" null="false" default="" />
        <field key="eintritt" dbtype="datetime" phptype="datetime" null="false" />
        <field key="ehrungen" dbtype="varchar" phptype="string" precision="100" null="false" default="" />
        <field key="briefanrede" dbtype="varchar" phptype="string" precision="100" null="false" default="" />
        <field key="blz3" dbtype="varchar" phptype="string" precision="100" null="false" default="" />
        <field key="zahlweise" dbtype="varchar" phptype="string" precision="100" null="false" default="lastschrift" />
        <field key="blz2" dbtype="varchar" phptype="string" precision="100" null="false" default="" />
        <field key="blz1" dbtype="varchar" phptype="string" precision="100" null="false" default="" />
        <field key="bic" dbtype="varchar" phptype="string" precision="100" null="false" default="" />
        <field key="bank3" dbtype="varchar" phptype="string" precision="100" null="false" default="" />
        <field key="bank2" dbtype="varchar" phptype="string" precision="100" null="false" default="" />
        <field key="bank1" dbtype="varchar" phptype="string" precision="100" null="false" default="" />
        <field key="austritt" dbtype="datetime" phptype="datetime" null="false" />
        <field key="anredetitel" dbtype="varchar" phptype="string" precision="100" null="false" default="" />
        <field key="anrede" dbtype="varchar" phptype="string" precision="100" null="false" default="" />
        <field key="abteilung" dbtype="varchar" phptype="string" precision="100" null="false" default="" />
        <field key="family_id" dbtype="int" precision="10" phptype="integer" null="false" default="0" index="index" />
        <field key="beitragstyp_id" dbtype="int" precision="10" phptype="integer" null="false" default="1" index="index" />
        <field key="notizen" dbtype="text" phptype="string" null="false" default="" />
        <field key="extended" dbtype="text" phptype="json" null="false" default="" />
		<field key="createdby" dbtype="int" precision="10" phptype="integer" null="false" default="0" />	
    	<field key="createdon" dbtype="datetime" phptype="datetime" null="false" />
		<field key="editedby" dbtype="int" precision="10" phptype="integer" null="false" default="0" />
		<field key="editedon" dbtype="datetime" phptype="datetime" null="false" />
		<field key="deleted" dbtype="tinyint" precision="1" attributes="unsigned" phptype="integer" null="false" default="0" />
		<field key="deletedon" dbtype="datetime" phptype="datetime" null="false" />
		<field key="deletedby" dbtype="int" precision="10" phptype="integer" null="false" default="0" />
        <field key="inactive" dbtype="tinyint" precision="1" attributes="unsigned" phptype="integer" null="false" default="0" index="index" />
        <field key="inactive_reason" dbtype="varchar" phptype="string" precision="100" null="false" default="" />
        <field key="efa_id" dbtype="varchar" phptype="string" precision="255" null="false" default="" index="index"/>
        <field key="drv_nr" dbtype="varchar" phptype="string" precision="50" null="false" default="" index="index"/>
        <field key="startberechtigt" dbtype="varchar" phptype="string" precision="10" null="false" default="" />
        <field key="regatta_start_eligibility" dbtype="tinyint" precision="1" attributes="unsigned" phptype="integer" null="false" default="0" />
        <field key="privacy_policy_submitted" dbtype="tinyint" precision="1" attributes="unsigned" phptype="integer" null="false" default="0" />
    	<field key="privacy_policy_submittedon" dbtype="datetime" phptype="datetime" null="true" />        
        <field key="erlaubnis" dbtype="varchar" phptype="string" precision="50" null="false" default="" index="index"/>
        <field key="modx_user_id" dbtype="int" precision="10" phptype="integer" null="false" default="0" index="index" />
        <field key="member_status" dbtype="varchar" phptype="string" precision="255" null="false" default="" index="index" />
        <field key="riot_user_id" dbtype="text" phptype="string" null="false" default="" />

        <composite alias="Fahrten" class="fbuchFahrtNames" local="id" foreign="member_id" cardinality="many" owner="local" />
        <composite alias="Mailinglists" class="fbuchMailinglistNames" local="id" foreign="member_id" cardinality="many" owner="local" />
        
        <aggregate alias="Beitragstyp" class="mvBeitragstyp" foreign="id" local="beitragstyp_id" cardinality="one" owner="foreign" /> 
        <composite alias="RoleLinks" class="mvMemberRoleLink" local="id" foreign="member_id" cardinality="many" owner="local" />
        <aggregate alias="Family" class="mvFamily" local="family_id" foreign="id" cardinality="one" owner="foreign" />
        <aggregate alias="User" class="modUser" foreign="id" local="modx_user_id" cardinality="one" owner="foreign" />         
    
        <aggregate alias="DoorAccesscode" class="mvDoorAccesscode" local="id" foreign="member_id" cardinality="one" owner="local" />
        <composite alias="Nutzergruppen" class="fbuchBootsNutzergruppenMembers" local="id" foreign="member_id" cardinality="many" owner="local" />
    </object>
    
    <object class="mvRole" table="mv_roles" extends="xPDOSimpleObject">
    	<field key="name" dbtype="varchar" phptype="string" precision="100" null="false" default="" />
        <field key="group" dbtype="varchar" phptype="string" precision="100" null="false" default="" />
        <field key="group_id" dbtype="int" precision="10" phptype="integer" null="false" default="0" index="index" />
        
        <aggregate alias="Group" class="mvMemberGroup" local="group_id" foreign="id" cardinality="one" owner="foreign" /> 
        <composite alias="MemberLinks" class="mvMemberRoleLink" local="id" foreign="role_id" cardinality="many" owner="local" />
    </object> 
    
    <object class="mvMemberGroup" table="mv_membergroups" extends="xPDOSimpleObject">
        <field key="name" dbtype="varchar" phptype="string" precision="100" null="false" default="" />
        
        <aggregate alias="Roles" class="mvRole" local="id" foreign="group_id" cardinality="many" owner="local" /> 
    </object>
     
    <object class="mvMemberRoleLink" table="mv_member_role_links" extends="xPDOSimpleObject">
        <field key="member_id" dbtype="int" precision="10" phptype="integer" null="false" default="0" index="index" />
        <field key="role_id" dbtype="int" precision="10" phptype="integer" null="false" default="0" index="index" />
        
        <aggregate alias="Member" class="mvMember" local="member_id" foreign="id" cardinality="one" owner="foreign" />
        <aggregate alias="Role" class="mvRole" local="role_id" foreign="id" cardinality="one" owner="foreign" />  
    </object> 
    
    <object class="mvMemberFilter" table="mv_member_filters" extends="xPDOSimpleObject">
        <field key="name" dbtype="varchar" phptype="string" precision="100" null="false" default="" />
        <field key="where" dbtype="text" phptype="string" null="false" default="" />
    </object> 
    
    <object class="mvExportFilter" table="mv_export_filters" extends="xPDOSimpleObject">
        <field key="name" dbtype="varchar" phptype="string" precision="100" null="false" default="" />
        <field key="where" dbtype="text" phptype="string" null="false" default="" />
        <field key="joins" dbtype="text" phptype="string" null="false" default="" />
        <field key="columns" dbtype="text" phptype="string" null="false" default="" />
    </object>         

    <object class="mvMail" table="mv_mails" extends="xPDOSimpleObject">
        <field key="subject" dbtype="varchar" phptype="string" precision="100" null="false" default="" />
        <field key="message" dbtype="text" phptype="string" null="false" default="" />
        <field key="documents" dbtype="text" phptype="string" null="false" default="" />
        <field key="images" dbtype="text" phptype="string" null="false" default="" />
        <field key="hash" dbtype="varchar" phptype="string" precision="100" null="false" default="" index="index" />

		<field key="createdby" dbtype="int" precision="10" phptype="integer" null="false" default="0" />	
    	<field key="createdon" dbtype="datetime" phptype="datetime" null="false" />
		<field key="editedby" dbtype="int" precision="10" phptype="integer" null="false" default="0" />
		<field key="editedon" dbtype="datetime" phptype="datetime" null="false" />
		<field key="deleted" dbtype="tinyint" precision="1" attributes="unsigned" phptype="integer" null="false" default="0" />
		<field key="deletedon" dbtype="datetime" phptype="datetime" null="false" />
		<field key="deletedby" dbtype="int" precision="10" phptype="integer" null="false" default="0" />
    </object> 
    
    <object class="mvFamily" table="mv_families" extends="xPDOSimpleObject">
    	<field key="name" dbtype="varchar" phptype="string" precision="100" null="false" default="" />
        <field key="member_id" dbtype="int" precision="10" phptype="integer" null="false" default="0" index="index" />
      
        <aggregate alias="Members" class="mvMember" local="id" foreign="family_id" cardinality="many" owner="local" />
        <aggregate alias="Zahler" class="mvMember" local="member_id" foreign="id" cardinality="one" owner="foreign" /> 
    </object> 
    
    <object class="mvBeitragstyp" table="mv_beitragstypen" extends="xPDOSimpleObject">
    	<field key="name" dbtype="varchar" phptype="string" precision="100" null="false" default="" />
        <field key="selectable" dbtype="tinyint" precision="1" attributes="unsigned" phptype="integer" null="false" default="1" />
        <field key="beitrag" dbtype="varchar" phptype="string" precision="10" null="false" default="" />
        <field key="max_age" dbtype="int" precision="2" phptype="integer" null="false" default="0" />
      
        <aggregate alias="Members" class="mvMember" local="id" foreign="beitragstyp_id" cardinality="many" owner="local" /> 
    </object>            
    
    <object class="mvMailLog" table="mv_mail_log" extends="xPDOSimpleObject">
        <field key="count" dbtype="int" precision="10" phptype="integer" null="false" default="0" index="index" />
        <field key="mail_id" dbtype="int" precision="10" phptype="integer" null="false" default="0" index="index" />
        <field key="filter_id" dbtype="int" precision="10" phptype="integer" null="false" default="0" index="index" />

		<field key="createdby" dbtype="int" precision="10" phptype="integer" null="false" default="0" />	
    	<field key="createdon" dbtype="datetime" phptype="datetime" null="false" />
    </object> 
    <object class="mvMailLogRecipient" table="mv_mail_log_recipients" extends="xPDOSimpleObject">
        <field key="log_id" dbtype="int" precision="10" phptype="integer" null="false" default="0" index="index" />
        <field key="member_id" dbtype="int" precision="10" phptype="integer" null="false" default="0" index="index" />

		<field key="createdby" dbtype="int" precision="10" phptype="integer" null="false" default="0" />	
    	<field key="createdon" dbtype="datetime" phptype="datetime" null="false" />
    </object>
    
    <object class="mvMimeType" table="mv_mime_types" extends="xPDOSimpleObject">
        <field key="name" dbtype="varchar" precision="255" phptype="string" null="false" index="unique" />
        <field key="description" dbtype="tinytext" phptype="string" null="true" />
        <field key="mime_type" dbtype="tinytext" phptype="string" />
        <field key="file_extensions" dbtype="tinytext" phptype="string" />
        <field key="headers" dbtype="mediumtext" phptype="array" />
        <field key="binary" dbtype="tinyint" precision="1" attributes="unsigned" phptype="boolean" null="false" default="0" />

    </object>  
    
    <object class="mvDoorAccesscode" table="mv_door_accesscodes" extends="xPDOSimpleObject">
    	<field key="code" dbtype="varchar" phptype="string" precision="100" null="false" default="" />
        <field key="other_person" dbtype="varchar" phptype="string" precision="100" null="false" default="" />
        <field key="member_id" dbtype="int" precision="10" phptype="integer" null="false" default="0" index="index" />
		<field key="assignedby" dbtype="int" precision="10" phptype="integer" null="false" default="0" />	
    	<field key="assignedon" dbtype="datetime" phptype="datetime" null="false" />
        <field key="blocked" dbtype="int" precision="1" phptype="integer" null="false" default="0" />        
                
        <aggregate alias="Member" class="mvMember" local="member_id" foreign="id" cardinality="one" owner="foreign" /> 

    </object>     
      
</model>