[
  {
    "id":115,
    "source":0,
    "property_preprocess":false,
    "name":"fbuchFahrten",
    "description":"",
    "editor_type":0,
    "category":0,
    "cache_type":0,
    "locked":false,
    "properties":[
      
    ],
    "static":false,
    "static_file":"",
    "filename":"fbuchfahrten.chunk.html",
    "category_name":"fbuch"
  },
  {
    "id":116,
    "source":0,
    "property_preprocess":false,
    "name":"fbuchFahrtenRow",
    "description":"",
    "editor_type":0,
    "category":0,
    "cache_type":0,
    "locked":false,
    "properties":[
      
    ],
    "static":false,
    "static_file":"",
    "filename":"fbuchfahrtenrow.chunk.html",
    "category_name":"fbuch"
  },
  {
    "id":117,
    "source":0,
    "property_preprocess":false,
    "name":"fbuchFahrtenForm",
    "description":"",
    "editor_type":0,
    "category":0,
    "cache_type":0,
    "locked":false,
    "properties":[
      
    ],
    "static":false,
    "static_file":"",
    "filename":"fbuchfahrtenform.chunk.html",
    "category_name":"fbuch"
  },
  {
    "id":119,
    "source":0,
    "property_preprocess":false,
    "name":"fbuchFahrtNamen",
    "description":"",
    "editor_type":0,
    "category":0,
    "cache_type":0,
    "locked":false,
    "properties":null,
    "static":false,
    "static_file":"",
    "filename":"fbuchfahrtnamen.chunk.html",
    "category_name":"fbuch"
  },
  {
    "id":118,
    "source":0,
    "property_preprocess":false,
    "name":"fbuchFahrtnamRow",
    "description":"",
    "editor_type":0,
    "category":0,
    "cache_type":0,
    "locked":false,
    "properties":[
      
    ],
    "static":false,
    "static_file":"",
    "filename":"fbuchfahrtnamrow.chunk.html",
    "category_name":"fbuch"
  },
  {
    "id":120,
    "source":0,
    "property_preprocess":false,
    "name":"fbuchTeamForm",
    "description":"",
    "editor_type":0,
    "category":0,
    "cache_type":0,
    "locked":false,
    "properties":[
      
    ],
    "static":false,
    "static_file":"",
    "filename":"fbuchteamform.chunk.html",
    "category_name":"fbuch"
  },
  {
    "id":121,
    "source":0,
    "property_preprocess":false,
    "name":"fbuchFahrtenHead",
    "description":"",
    "editor_type":0,
    "category":0,
    "cache_type":0,
    "locked":false,
    "properties":null,
    "static":false,
    "static_file":"",
    "filename":"fbuchfahrtenhead.chunk.html",
    "category_name":"fbuch"
  },
  {
    "id":122,
    "source":0,
    "property_preprocess":false,
    "name":"fbuchErgofahrtenHead",
    "description":"",
    "editor_type":0,
    "category":0,
    "cache_type":0,
    "locked":false,
    "properties":null,
    "static":false,
    "static_file":"",
    "filename":"fbuchergofahrtenhead.chunk.html",
    "category_name":"fbuch"
  },
  {
    "id":123,
    "source":0,
    "property_preprocess":false,
    "name":"fbuchErgofahrtenRow",
    "description":"",
    "editor_type":0,
    "category":0,
    "cache_type":0,
    "locked":false,
    "properties":[
      
    ],
    "static":false,
    "static_file":"",
    "filename":"fbuchergofahrtenrow.chunk.html",
    "category_name":"fbuch"
  },
  {
    "id":124,
    "source":0,
    "property_preprocess":false,
    "name":"fbuchFahrtenButtons",
    "description":"",
    "editor_type":0,
    "category":0,
    "cache_type":0,
    "locked":false,
    "properties":[
      
    ],
    "static":false,
    "static_file":"",
    "filename":"fbuchfahrtenbuttons.chunk.html",
    "category_name":"fbuch"
  },
  {
    "id":125,
    "source":0,
    "property_preprocess":false,
    "name":"fbuchErgofahrtenButtons",
    "description":"",
    "editor_type":0,
    "category":0,
    "cache_type":0,
    "locked":false,
    "properties":[
      
    ],
    "static":false,
    "static_file":"",
    "filename":"fbuchergofahrtenbuttons.chunk.html",
    "category_name":"fbuch"
  },
  {
    "id":126,
    "source":0,
    "property_preprocess":false,
    "name":"fbuchErgofahrtenForm",
    "description":"",
    "editor_type":0,
    "category":0,
    "cache_type":0,
    "locked":false,
    "properties":[
      
    ],
    "static":false,
    "static_file":"",
    "filename":"fbuchergofahrtenform.chunk.html",
    "category_name":"fbuch"
  },
  {
    "id":127,
    "source":0,
    "property_preprocess":false,
    "name":"fbuchNamen",
    "description":"",
    "editor_type":0,
    "category":0,
    "cache_type":0,
    "locked":false,
    "properties":[
      
    ],
    "static":false,
    "static_file":"",
    "filename":"fbuchnamen.chunk.html",
    "category_name":"fbuch"
  },
  {
    "id":128,
    "source":0,
    "property_preprocess":false,
    "name":"fbuchNamenRow",
    "description":"",
    "editor_type":0,
    "category":0,
    "cache_type":0,
    "locked":false,
    "properties":[
      
    ],
    "static":false,
    "static_file":"",
    "filename":"fbuchnamenrow.chunk.html",
    "category_name":"fbuch"
  },
  {
    "id":129,
    "source":0,
    "property_preprocess":false,
    "name":"fbuchNamenButtons",
    "description":"",
    "editor_type":0,
    "category":0,
    "cache_type":0,
    "locked":false,
    "properties":[
      
    ],
    "static":false,
    "static_file":"",
    "filename":"fbuchnamenbuttons.chunk.html",
    "category_name":"fbuch"
  },
  {
    "id":130,
    "source":0,
    "property_preprocess":false,
    "name":"fbuchNamenHead",
    "description":"",
    "editor_type":0,
    "category":0,
    "cache_type":0,
    "locked":false,
    "properties":[
      
    ],
    "static":false,
    "static_file":"",
    "filename":"fbuchnamenhead.chunk.html",
    "category_name":"fbuch"
  },
  {
    "id":131,
    "source":0,
    "property_preprocess":false,
    "name":"fbuchNamenForm",
    "description":"",
    "editor_type":0,
    "category":0,
    "cache_type":0,
    "locked":false,
    "properties":[
      
    ],
    "static":false,
    "static_file":"",
    "filename":"fbuchnamenform.chunk.html",
    "category_name":"fbuch"
  },
  {
    "id":132,
    "source":0,
    "property_preprocess":false,
    "name":"fbuchFahrten_v1",
    "description":"",
    "editor_type":0,
    "category":0,
    "cache_type":0,
    "locked":false,
    "properties":[
      
    ],
    "static":false,
    "static_file":"",
    "filename":"fbuchfahrten_v1.chunk.html",
    "category_name":"fbuch"
  },
  {
    "id":133,
    "source":0,
    "property_preprocess":false,
    "name":"fbuchTermine",
    "description":"",
    "editor_type":0,
    "category":0,
    "cache_type":0,
    "locked":false,
    "properties":[
      
    ],
    "static":false,
    "static_file":"",
    "filename":"fbuchtermine.chunk.html",
    "category_name":"fbuch"
  },
  {
    "id":134,
    "source":0,
    "property_preprocess":false,
    "name":"fbuchTermineButtons",
    "description":"",
    "editor_type":0,
    "category":0,
    "cache_type":0,
    "locked":false,
    "properties":[
      
    ],
    "static":false,
    "static_file":"",
    "filename":"fbuchterminebuttons.chunk.html",
    "category_name":"fbuch"
  },
  {
    "id":135,
    "source":0,
    "property_preprocess":false,
    "name":"fbuchTermineForm",
    "description":"",
    "editor_type":0,
    "category":0,
    "cache_type":0,
    "locked":false,
    "properties":[
      
    ],
    "static":false,
    "static_file":"",
    "filename":"fbuchtermineform.chunk.html",
    "category_name":"fbuch"
  },
  {
    "id":136,
    "source":0,
    "property_preprocess":false,
    "name":"fbuchTermineRow",
    "description":"",
    "editor_type":0,
    "category":0,
    "cache_type":0,
    "locked":false,
    "properties":[
      
    ],
    "static":false,
    "static_file":"",
    "filename":"fbuchterminerow.chunk.html",
    "category_name":"fbuch"
  },
  {
    "id":137,
    "source":0,
    "property_preprocess":false,
    "name":"fbuchErgotermineHead",
    "description":"",
    "editor_type":0,
    "category":0,
    "cache_type":0,
    "locked":false,
    "properties":[
      
    ],
    "static":false,
    "static_file":"",
    "filename":"fbuchergoterminehead.chunk.html",
    "category_name":"fbuch"
  },
  {
    "id":138,
    "source":0,
    "property_preprocess":false,
    "name":"fbuchYearOption",
    "description":"",
    "editor_type":0,
    "category":0,
    "cache_type":0,
    "locked":false,
    "properties":null,
    "static":false,
    "static_file":"",
    "filename":"fbuchyearoption.chunk.html",
    "category_name":"fbuch"
  },
  {
    "id":139,
    "source":0,
    "property_preprocess":false,
    "name":"fbuchErgotermine",
    "description":"",
    "editor_type":0,
    "category":0,
    "cache_type":0,
    "locked":false,
    "properties":[
      
    ],
    "static":false,
    "static_file":"",
    "filename":"fbuchergotermine.chunk.html",
    "category_name":"fbuch"
  },
  {
    "id":140,
    "source":0,
    "property_preprocess":false,
    "name":"fbuchErgotermineButtons",
    "description":"",
    "editor_type":0,
    "category":0,
    "cache_type":0,
    "locked":false,
    "properties":[
      
    ],
    "static":false,
    "static_file":"",
    "filename":"fbuchergoterminebuttons.chunk.html",
    "category_name":"fbuch"
  },
  {
    "id":141,
    "source":0,
    "property_preprocess":false,
    "name":"fbuchErgotermineForm",
    "description":"",
    "editor_type":0,
    "category":0,
    "cache_type":0,
    "locked":false,
    "properties":[
      
    ],
    "static":false,
    "static_file":"",
    "filename":"fbuchergotermineform.chunk.html",
    "category_name":"fbuch"
  },
  {
    "id":142,
    "source":0,
    "property_preprocess":false,
    "name":"fbuchErgoterminReservierungForm",
    "description":"",
    "editor_type":0,
    "category":0,
    "cache_type":0,
    "locked":false,
    "properties":[
      
    ],
    "static":false,
    "static_file":"",
    "filename":"fbuchergoterminreservierungform.chunk.html",
    "category_name":"fbuch"
  },
  {
    "id":143,
    "source":0,
    "property_preprocess":false,
    "name":"fbuchErgotermineRow",
    "description":"",
    "editor_type":0,
    "category":0,
    "cache_type":0,
    "locked":false,
    "properties":[
      
    ],
    "static":false,
    "static_file":"",
    "filename":"fbuchergoterminerow.chunk.html",
    "category_name":"fbuch"
  },
  {
    "id":144,
    "source":0,
    "property_preprocess":false,
    "name":"fbuchErgoterminNamen",
    "description":"",
    "editor_type":0,
    "category":0,
    "cache_type":0,
    "locked":false,
    "properties":[
      
    ],
    "static":false,
    "static_file":"",
    "filename":"fbuchergoterminnamen.chunk.html",
    "category_name":"fbuch"
  },
  {
    "id":145,
    "source":0,
    "property_preprocess":false,
    "name":"fbuchErgoterminNamenRow",
    "description":"",
    "editor_type":0,
    "category":0,
    "cache_type":0,
    "locked":false,
    "properties":null,
    "static":false,
    "static_file":"",
    "filename":"fbuchergoterminnamenrow.chunk.html",
    "category_name":"fbuch"
  },
  {
    "id":146,
    "source":0,
    "property_preprocess":false,
    "name":"fbuchNeuFahrtNamen",
    "description":"",
    "editor_type":0,
    "category":0,
    "cache_type":0,
    "locked":false,
    "properties":[
      
    ],
    "static":false,
    "static_file":"",
    "filename":"fbuchneufahrtnamen.chunk.html",
    "category_name":"fbuch"
  }
]