"id","name","where"
"1","erweiterter Vorstand","{""membergroups"":""1,2""}"
"2","enger Vorstand","{""membergroups"":""1""}"
"3","Alle Mitglieder mit Email","{""email:!="":"""",""member_status"":""Mitglied""}"
"4","Kein Mitglied mehr","{""inactive"":""1""}"
"5","Mitgliedsverwaltung","{""membergroups"":""3""}"
"6","Übungsleiter alle Bereiche","{""membergroups"":""4""}"
"7","Mitglieder U18","{""membergroups"":""7""}"
"8","Übungsleiter Kinder/Junioren","{""memberrole"":""21""}"
"9","Lizenzinhaber","{""membergroups"":""8""}"
