[
  {
    "id":68,
    "source":0,
    "property_preprocess":false,
    "name":"fbuchFahrten",
    "description":"",
    "editor_type":0,
    "category":0,
    "cache_type":0,
    "locked":false,
    "properties":[
      
    ],
    "static":false,
    "static_file":"",
    "filename":"fbuchfahrten.chunk.html",
    "category_name":"fbuch"
  },
  {
    "id":67,
    "source":0,
    "property_preprocess":false,
    "name":"fbuchFahrtenRow",
    "description":"",
    "editor_type":0,
    "category":0,
    "cache_type":0,
    "locked":false,
    "properties":[
      
    ],
    "static":false,
    "static_file":"",
    "filename":"fbuchfahrtenrow.chunk.html",
    "category_name":"fbuch"
  },
  {
    "id":69,
    "source":0,
    "property_preprocess":false,
    "name":"fbuchFahrtenForm",
    "description":"",
    "editor_type":0,
    "category":0,
    "cache_type":0,
    "locked":false,
    "properties":[
      
    ],
    "static":false,
    "static_file":"",
    "filename":"fbuchfahrtenform.chunk.html",
    "category_name":"fbuch"
  },
  {
    "id":70,
    "source":0,
    "property_preprocess":false,
    "name":"fbuchFahrtNamen",
    "description":"",
    "editor_type":0,
    "category":0,
    "cache_type":0,
    "locked":false,
    "properties":[
      
    ],
    "static":false,
    "static_file":"",
    "filename":"fbuchfahrtnamen.chunk.html",
    "category_name":"fbuch"
  },
  {
    "id":71,
    "source":0,
    "property_preprocess":false,
    "name":"fbuchFahrtnamRow",
    "description":"",
    "editor_type":0,
    "category":0,
    "cache_type":0,
    "locked":false,
    "properties":[
      
    ],
    "static":false,
    "static_file":"",
    "filename":"fbuchfahrtnamrow.chunk.html",
    "category_name":"fbuch"
  },
  {
    "id":72,
    "source":0,
    "property_preprocess":false,
    "name":"fbuchTeamForm",
    "description":"",
    "editor_type":0,
    "category":0,
    "cache_type":0,
    "locked":false,
    "properties":[
      
    ],
    "static":false,
    "static_file":"",
    "filename":"fbuchteamform.chunk.html",
    "category_name":"fbuch"
  },
  {
    "id":73,
    "source":0,
    "property_preprocess":false,
    "name":"fbuchFahrtenHead",
    "description":"",
    "editor_type":0,
    "category":0,
    "cache_type":0,
    "locked":false,
    "properties":null,
    "static":false,
    "static_file":"",
    "filename":"fbuchfahrtenhead.chunk.html",
    "category_name":"fbuch"
  },
  {
    "id":74,
    "source":0,
    "property_preprocess":false,
    "name":"fbuchErgofahrtenHead",
    "description":"",
    "editor_type":0,
    "category":0,
    "cache_type":0,
    "locked":false,
    "properties":null,
    "static":false,
    "static_file":"",
    "filename":"fbuchergofahrtenhead.chunk.html",
    "category_name":"fbuch"
  },
  {
    "id":75,
    "source":0,
    "property_preprocess":false,
    "name":"fbuchErgofahrtenRow",
    "description":"",
    "editor_type":0,
    "category":0,
    "cache_type":0,
    "locked":false,
    "properties":[
      
    ],
    "static":false,
    "static_file":"",
    "filename":"fbuchergofahrtenrow.chunk.html",
    "category_name":"fbuch"
  },
  {
    "id":76,
    "source":0,
    "property_preprocess":false,
    "name":"fbuchFahrtenButtons",
    "description":"",
    "editor_type":0,
    "category":0,
    "cache_type":0,
    "locked":false,
    "properties":[
      
    ],
    "static":false,
    "static_file":"",
    "filename":"fbuchfahrtenbuttons.chunk.html",
    "category_name":"fbuch"
  },
  {
    "id":77,
    "source":0,
    "property_preprocess":false,
    "name":"fbuchErgofahrtenButtons",
    "description":"",
    "editor_type":0,
    "category":0,
    "cache_type":0,
    "locked":false,
    "properties":[
      
    ],
    "static":false,
    "static_file":"",
    "filename":"fbuchergofahrtenbuttons.chunk.html",
    "category_name":"fbuch"
  },
  {
    "id":78,
    "source":0,
    "property_preprocess":false,
    "name":"fbuchErgofahrtenForm",
    "description":"",
    "editor_type":0,
    "category":0,
    "cache_type":0,
    "locked":false,
    "properties":[
      
    ],
    "static":false,
    "static_file":"",
    "filename":"fbuchergofahrtenform.chunk.html",
    "category_name":"fbuch"
  },
  {
    "id":85,
    "source":0,
    "property_preprocess":false,
    "name":"fbuchFahrten_v1",
    "description":"",
    "editor_type":0,
    "category":0,
    "cache_type":0,
    "locked":false,
    "properties":[
      
    ],
    "static":false,
    "static_file":"",
    "filename":"fbuchfahrten_v1.chunk.html",
    "category_name":"fbuch"
  },
  {
    "id":86,
    "source":0,
    "property_preprocess":false,
    "name":"fbuchTermine",
    "description":"",
    "editor_type":0,
    "category":0,
    "cache_type":0,
    "locked":false,
    "properties":[
      
    ],
    "static":false,
    "static_file":"",
    "filename":"fbuchtermine.chunk.html",
    "category_name":"fbuch"
  },
  {
    "id":87,
    "source":0,
    "property_preprocess":false,
    "name":"fbuchTermineButtons",
    "description":"",
    "editor_type":0,
    "category":0,
    "cache_type":0,
    "locked":false,
    "properties":[
      
    ],
    "static":false,
    "static_file":"",
    "filename":"fbuchterminebuttons.chunk.html",
    "category_name":"fbuch"
  },
  {
    "id":88,
    "source":0,
    "property_preprocess":false,
    "name":"fbuchTermineForm",
    "description":"",
    "editor_type":0,
    "category":0,
    "cache_type":0,
    "locked":false,
    "properties":[
      
    ],
    "static":false,
    "static_file":"",
    "filename":"fbuchtermineform.chunk.html",
    "category_name":"fbuch"
  },
  {
    "id":89,
    "source":0,
    "property_preprocess":false,
    "name":"fbuchTermineRow",
    "description":"",
    "editor_type":0,
    "category":0,
    "cache_type":0,
    "locked":false,
    "properties":[
      
    ],
    "static":false,
    "static_file":"",
    "filename":"fbuchterminerow.chunk.html",
    "category_name":"fbuch"
  },
  {
    "id":91,
    "source":0,
    "property_preprocess":false,
    "name":"fbuchYearOption",
    "description":"",
    "editor_type":0,
    "category":0,
    "cache_type":0,
    "locked":false,
    "properties":null,
    "static":false,
    "static_file":"",
    "filename":"fbuchyearoption.chunk.html",
    "category_name":"fbuch"
  },
  {
    "id":94,
    "source":0,
    "property_preprocess":false,
    "name":"fbuchErgotermineForm",
    "description":"",
    "editor_type":0,
    "category":0,
    "cache_type":0,
    "locked":false,
    "properties":[
      
    ],
    "static":false,
    "static_file":"",
    "filename":"fbuchergotermineform.chunk.html",
    "category_name":"fbuch"
  },
  {
    "id":96,
    "source":0,
    "property_preprocess":false,
    "name":"fbuchErgoterminReservierungForm",
    "description":"",
    "editor_type":0,
    "category":0,
    "cache_type":0,
    "locked":false,
    "properties":[
      
    ],
    "static":false,
    "static_file":"",
    "filename":"fbuchergoterminreservierungform.chunk.html",
    "category_name":"fbuch"
  },
  {
    "id":97,
    "source":0,
    "property_preprocess":false,
    "name":"fbuchErgoterminNamen",
    "description":"",
    "editor_type":0,
    "category":0,
    "cache_type":0,
    "locked":false,
    "properties":[
      
    ],
    "static":false,
    "static_file":"",
    "filename":"fbuchergoterminnamen.chunk.html",
    "category_name":"fbuch"
  },
  {
    "id":98,
    "source":0,
    "property_preprocess":false,
    "name":"fbuchErgoterminNamenRow",
    "description":"",
    "editor_type":0,
    "category":0,
    "cache_type":0,
    "locked":false,
    "properties":null,
    "static":false,
    "static_file":"",
    "filename":"fbuchergoterminnamenrow.chunk.html",
    "category_name":"fbuch"
  },
  {
    "id":99,
    "source":0,
    "property_preprocess":false,
    "name":"fbuchNeuFahrtNamen",
    "description":"",
    "editor_type":0,
    "category":0,
    "cache_type":0,
    "locked":false,
    "properties":[
      
    ],
    "static":false,
    "static_file":"",
    "filename":"fbuchneufahrtnamen.chunk.html",
    "category_name":"fbuch"
  },
  {
    "id":120,
    "source":0,
    "property_preprocess":false,
    "name":"fbuchDateNamen",
    "description":"",
    "editor_type":0,
    "category":0,
    "cache_type":0,
    "locked":false,
    "properties":[
      
    ],
    "static":false,
    "static_file":"",
    "filename":"fbuchdatenamen.chunk.html",
    "category_name":"fbuch"
  },
  {
    "id":121,
    "source":0,
    "property_preprocess":false,
    "name":"fbuchDateNamenRow",
    "description":"",
    "editor_type":0,
    "category":0,
    "cache_type":0,
    "locked":false,
    "properties":null,
    "static":false,
    "static_file":"",
    "filename":"fbuchdatenamenrow.chunk.html",
    "category_name":"fbuch"
  },
  {
    "id":135,
    "source":0,
    "property_preprocess":false,
    "name":"fbuchErgoterminRemoveReservierungForm",
    "description":"",
    "editor_type":0,
    "category":0,
    "cache_type":0,
    "locked":false,
    "properties":[
      
    ],
    "static":false,
    "static_file":"",
    "filename":"fbuchergoterminremovereservierungform.chunk.html",
    "category_name":"fbuch"
  },
  {
    "id":138,
    "source":0,
    "property_preprocess":false,
    "name":"fbuchTerminInviteForm",
    "description":"",
    "editor_type":0,
    "category":0,
    "cache_type":0,
    "locked":false,
    "properties":[
      
    ],
    "static":false,
    "static_file":"",
    "filename":"fbuchtermininviteform.chunk.html",
    "category_name":"fbuch"
  },
  {
    "id":139,
    "source":0,
    "property_preprocess":false,
    "name":"fbuchMailInviteForm",
    "description":"",
    "editor_type":0,
    "category":0,
    "cache_type":0,
    "locked":false,
    "properties":[
      
    ],
    "static":false,
    "static_file":"",
    "filename":"fbuchmailinviteform.chunk.html",
    "category_name":"fbuch"
  },
  {
    "id":140,
    "source":0,
    "property_preprocess":false,
    "name":"fbuch_invite_mail_tpl",
    "description":"Templatevorlage f\u00fcr Einladungsmails. Diesen Chunk bitte nicht bearbeiten, da er bei einem Upgrade \u00fcberschrieben wird.\nBesser einen eigenen Chunk erstellen anhand dieser Vorlage und den Chunknamen unter Extras->Konfiguration angeben.",
    "editor_type":0,
    "category":0,
    "cache_type":0,
    "locked":false,
    "properties":[
      
    ],
    "static":false,
    "static_file":"",
    "filename":"fbuch_invite_mail_tpl.chunk.html",
    "category_name":"fbuch"
  },
  {
    "id":146,
    "source":0,
    "property_preprocess":false,
    "name":"fbuchMyInvitesRow",
    "description":"",
    "editor_type":0,
    "category":0,
    "cache_type":0,
    "locked":false,
    "properties":null,
    "static":false,
    "static_file":"",
    "filename":"fbuchmyinvitesrow.chunk.html",
    "category_name":"fbuch"
  },
  {
    "id":147,
    "source":0,
    "property_preprocess":false,
    "name":"fbuchMyInvites",
    "description":"",
    "editor_type":0,
    "category":0,
    "cache_type":0,
    "locked":false,
    "properties":null,
    "static":false,
    "static_file":"",
    "filename":"fbuchmyinvites.chunk.html",
    "category_name":"fbuch"
  },
  {
    "id":154,
    "source":0,
    "property_preprocess":false,
    "name":"fbuchFahrtenFormBootOption",
    "description":"",
    "editor_type":0,
    "category":0,
    "cache_type":0,
    "locked":false,
    "properties":null,
    "static":false,
    "static_file":"",
    "filename":"fbuchfahrtenformbootoption.chunk.html",
    "category_name":"fbuch"
  },
  {
    "id":159,
    "source":0,
    "property_preprocess":false,
    "name":"fbuchFahrtenFormBootinfo",
    "description":"",
    "editor_type":0,
    "category":0,
    "cache_type":0,
    "locked":false,
    "properties":[
      
    ],
    "static":false,
    "static_file":"",
    "filename":"fbuchfahrtenformbootinfo.chunk.html",
    "category_name":"fbuch"
  },
  {
    "id":189,
    "source":0,
    "property_preprocess":false,
    "name":"fbuch_mailinglist_inputoptions",
    "description":"",
    "editor_type":0,
    "category":0,
    "cache_type":0,
    "locked":false,
    "properties":[
      
    ],
    "static":false,
    "static_file":"",
    "filename":"fbuch_mailinglist_inputoptions.chunk.html",
    "category_name":"fbuch"
  },
  {
    "id":190,
    "source":0,
    "property_preprocess":false,
    "name":"fbuchComponentNameselect",
    "description":"",
    "editor_type":0,
    "category":0,
    "cache_type":0,
    "locked":false,
    "properties":null,
    "static":false,
    "static_file":"",
    "filename":"fbuchcomponentnameselect.chunk.html",
    "category_name":"fbuch"
  },
  {
    "id":191,
    "source":0,
    "property_preprocess":false,
    "name":"fbuchComponentDatepicker",
    "description":"",
    "editor_type":0,
    "category":0,
    "cache_type":0,
    "locked":false,
    "properties":null,
    "static":false,
    "static_file":"",
    "filename":"fbuchcomponentdatepicker.chunk.html",
    "category_name":"fbuch"
  },
  {
    "id":192,
    "source":0,
    "property_preprocess":false,
    "name":"fbuchAppFuhrpark",
    "description":"",
    "editor_type":0,
    "category":0,
    "cache_type":0,
    "locked":false,
    "properties":[
      
    ],
    "static":false,
    "static_file":"",
    "filename":"fbuchappfuhrpark.chunk.html",
    "category_name":"fbuch"
  },
  {
    "id":193,
    "source":0,
    "property_preprocess":false,
    "name":"fbuchAppMailinggruppen",
    "description":"",
    "editor_type":0,
    "category":0,
    "cache_type":0,
    "locked":false,
    "properties":[
      
    ],
    "static":false,
    "static_file":"",
    "filename":"fbuchappmailinggruppen.chunk.html",
    "category_name":"fbuch"
  },
  {
    "id":195,
    "source":0,
    "property_preprocess":false,
    "name":"fbuchPegel",
    "description":"",
    "editor_type":0,
    "category":0,
    "cache_type":0,
    "locked":false,
    "properties":[
      
    ],
    "static":false,
    "static_file":"",
    "filename":"fbuchpegel.chunk.html",
    "category_name":"fbuch"
  }
]